largo,grosor,punta
19.1894013759219,15.1919998705647,0.91402226653403
21.416143863166,17.4522001096471,0.814906353183472
22.6266617650246,14.6912821646066,0.816515021465623
17.481453446056,17.9530560852404,0.959933654790083
21.6436870332166,18.0544276621327,0.920008736318457
21.7590838382364,14.141175703074,0.964036298709015
20.137890059798,18.4083821743344,0.708189619095557
20.1800522163237,16.6632618417563,0.860484219910118
20.1533220013601,15.9892748369181,0.900190104465069
19.6649432564338,17.6686811672085,0.915835549265507
20.2842109503697,18.9209256603479,0.750081265627156
19.5024203327104,19.3476952013768,0.69895242727334
19.835619158043,15.1991809457158,0.937122305098788
21.0966882259144,16.343457550439,0.587296733552143
22.4392410884562,17.2195722227367,0.717649010815985
20.8345717584138,17.0990286133308,0.761448515339373
20.23348574129,16.3324459770552,0.756026272471285
19.6332068750553,13.4868314203377,0.724449407108842
19.7442424795966,16.5824264487382,0.600960809980616
24.623752767734,15.2272945514827,0.870120171939804
21.201132330228,17.049687908846,0.792859354185657
20.2639711549636,15.7434244822392,0.92340429002521
20.3391781914702,16.8235833796306,0.750424410679804
21.6893841615088,15.8877161433062,0.947814005832005
19.9594196295938,16.3874795462253,0.765096165517684
18.8276926344203,16.4333438585619,0.985247210187736
21.8621335813511,18.9925500679958,0.87626368185204
19.4645164155542,18.074654460263,0.895801592891199
20.9772925494537,16.6515662176236,0.946939288377742
19.5960770982474,15.160659649636,0.719440123049419
22.6534463193004,18.5713071363974,0.890764515584314
20.2866103816964,14.8453892197643,0.571923876490252
19.9358399437312,15.2262966074201,0.644353301743794
20.2481129091079,15.8356927462803,0.738581171819272
18.5563597963819,15.5415297357864,0.73439214348958
19.2485711068587,15.6445136582134,0.977634516173192
17.729940526577,18.9308059190667,0.683802242019912
18.98851021185,16.840718598519,0.749477659472607
20.5585592118544,15.9261935695144,0.921041588319272
20.3011536893908,18.0075832947165,0.830260223549339
23.1742443979307,17.2964504388753,0.648093206227669
19.3970359144881,15.1698549119996,0.937390986921838
19.7169530493937,16.1585523193236,0.785594881202538
20.5790654970638,17.8005989516176,0.794956396959915
19.5084898855565,19.9254731970258,0.8681040768296
19.5472285231919,19.3729148444008,0.548949891818117
19.3390227110374,18.2566812833542,0.862763688907432
19.1220211715416,16.9803955059733,0.833239677696095
20.214257821519,14.4113060569835,0.630726516039416
20.2547250641,15.903719639477,0.900707814007392
18.2909531147971,16.6768792019796,0.833003849278507
20.126886112966,17.7353100028306,0.810420125844234
19.3366655633598,17.0890901356342,0.621192484668531
19.477556985762,17.0874680793869,0.436670780590018
20.7565357146648,19.7575446598624,0.832779531144238
21.8445837284918,17.5814763491203,0.611800034989321
23.4717262092226,16.579173913018,0.905177139452483
19.8399698640845,16.3572233930546,0.871091732207569
23.4088644432859,17.1429874032979,0.924380892570077
19.2632871784584,15.7800028865879,0.691751590583379
21.9848826964992,19.0522851161382,0.659925263154769
24.8234866060768,16.5686959548647,0.764365091510663
20.9478594152942,16.2071713647837,0.894650196347977
19.9955496305071,15.6904806151145,0.750155558880198
20.9885928664335,18.403839608601,0.932276091107681
23.6656266722151,15.0840990154667,0.964757030759409
19.2920883948736,16.2968902415912,0.86710981687923
23.0517407691349,17.4687744100095,0.85642949041764
22.9943471861735,16.8375165475347,0.911950672242798
21.5047091958057,17.3761856259995,0.974908949959686
21.0103392576629,15.0257099086907,0.85794172501514
20.3167968927579,16.3548868262489,0.704133450624459
20.4502141006891,14.4438354536208,0.6475986675763
21.9724298512547,15.7367939521783,0.419438404845594
24.1054062919964,18.7223758929631,0.793490227837484
20.7699023812995,17.3792473038638,0.720431538891108
18.9139485799478,17.1279307791868,0.823092965355804
19.9146273343348,15.5995608042182,0.972142822592318
21.3873926432518,16.1647705907606,0.682515605459215
20.5244113275582,15.4754445208688,0.561909477938987
20.7333150635036,17.0802878747317,0.629888075056673
20.7450088847182,18.1477004092209,0.609078639373878
18.941547171185,17.4487922230723,0.577339831601733
20.739319244379,16.0735763776802,0.887430853849408
22.2753483856828,17.8291809703615,0.838289099848656
22.0464130675024,17.5818627483035,0.781278690629184
21.8249960266367,18.2648164133755,0.903526595386956
20.3959020368286,16.3390586204951,0.940588522165207
20.7126093442823,15.2309519401209,0.777184722410374
19.2082081805962,16.8731464019618,0.897792370674342
20.920261771885,17.4541665425789,0.785903052263169
21.3827940014938,19.3386405966865,0.772669835085498
23.5589460108601,16.8955062090421,0.807343382043165
22.5022698785452,17.6405591217017,0.996166811241224
20.2566248354978,16.8751052025857,0.988347045492688
21.5333254454996,20.2345966111427,0.662949974625017
19.2980879346992,19.0069520890735,0.906858862915336
22.3173054404284,16.6515433289071,0.784636531568246
22.4593751300642,16.8088938650789,0.644288230823529
24.1816756580635,16.9674718935924,0.824690149259536
21.6217853015625,17.1698811265769,0.889906377684331
20.287922289706,16.1523568842613,0.83269702653271
21.0989902405567,17.1210505808667,0.956676012377343
20.2462833264092,15.9563428901166,0.969140653068793
19.761002119306,15.355696800572,0.789768978324916
21.2504839196295,18.2066608366318,0.826002732928336
19.6556030606329,17.9849661799021,0.95019521849419
21.2522780814836,16.1479539839832,0.395842510378401
21.5324523915223,18.9091787622322,0.772374708935339
20.9218423246933,16.7111841263645,0.818151607389037
20.7060980719256,16.5745021721168,0.866153595718706
20.0263953725914,15.5694924305911,0.944873266962047
19.3353491529019,16.9634740309488,0.829748205640264
22.2739113039826,16.7945210527137,0.920271185614073
21.033543789114,17.1012775866816,0.768958163203409
22.2467109259603,17.667752539748,0.665924467984887
19.1335682229837,18.359900582369,0.841211146726446
21.2535396206493,17.4911158496909,0.454189833967031
22.0097494604215,18.4888424401281,0.946217931452221
20.9605854353272,18.5981008610406,0.953865913436362
20.712911747166,12.6042769169291,0.787886401137595
19.8271400299502,16.4558393855184,0.774477540491996
24.0872429816452,17.8548988071388,0.673679498901473
22.1257521797337,15.3205467915424,0.949713245240257
23.7363124535674,15.5590244620939,0.839159899215145
21.120089461638,17.4106047078683,0.73998327077705
20.0528860515505,16.3378650670398,0.769612792772364
18.7300678199494,14.4027682734822,0.580185287407011
20.0458502533724,18.3587822659646,0.796802054717319
21.3394522987457,15.7387405377398,0.767133441237358
22.5205355211986,17.579521782389,0.915378826561313
21.3791252025995,17.6186451716855,0.707084004314763
19.2420775307383,19.2819029645635,0.768711885108208
22.0030714927876,17.2948463531912,0.546020624263248
18.5248485977335,17.9984155292552,0.526753262876475
20.4512216277121,18.7108866383722,0.938361887043924
20.5258225067504,16.3904283079286,0.742571728504058
18.0776309290179,14.5166579694661,0.863918716003174
22.3800862835864,17.2143950547366,0.824362778570436
20.0656926076817,18.9888714624632,0.824423501036026
20.4989450250038,14.8905835090407,0.926148159772925
23.0927218387944,18.5181974224927,0.609306756202605
21.9550116165584,16.9098037355633,0.966540603627305
20.8373524545144,17.1492221364204,0.851240597072353
21.770644167607,16.4761673037412,0.830264469452823
21.5989077109109,18.5552799193855,0.884436014105003
23.4942846711456,19.1362347187125,0.825846473736247
21.4138401053782,19.3562731870793,0.584427642514727
21.7594089348115,15.5488989003991,0.693010911148664
21.5213279625357,18.1389287665142,0.897658613058821
20.4341435287555,16.4357155183128,0.830790434388896
21.1464291946639,15.5248858791272,0.814471043095993
23.4581169676826,17.5848426516548,0.852299110255499
19.6866112887156,16.9730739293776,0.819539060068239
21.1826399979616,18.1875869076351,0.841551533082432
23.0431959912675,19.6885968134555,0.751422550271374
20.6480683696159,18.5550753274045,0.701015915282473
19.4199257880854,15.9564715766594,0.875658399169691
19.6953245915461,17.209433997454,0.759996324012591
20.4148094555294,19.1198682408388,0.7518383971848
19.7289748903056,18.7616563944435,0.731554824618256
20.6090409118509,14.6228276260036,0.770179981661973
20.3783704404872,18.4196448809507,0.973541594674977
20.7254238034208,16.489228872322,0.701621287250467
21.6105841468209,16.0619559639444,0.889753705088363
21.9369496923032,15.3481966565259,0.790738998095057
23.5173086155571,16.5323068098897,0.908540368677408
20.8969595196525,18.0329847580755,0.892884175262724
20.5187401310127,19.152907816801,0.981554957505785
23.2065085755734,17.2083606473003,0.518696101567316
23.5564940967406,16.8904214203674,0.872140404688628
21.0648660563363,16.6964960928323,0.688773741989959
20.5010140212997,18.4306990036133,0.839095544622661
18.2666468736554,15.3782098288369,0.760011127984494
23.1168935981202,17.375028056827,0.773480036259921
19.7436263488847,18.5324329708577,0.780306023032527
19.314355808407,18.5927772667005,0.740542207382158
25.5656488291429,17.6256053151091,0.83489989740714
21.352531962376,15.256450772945,0.783723981525031
20.95011208483,15.768372905278,0.663961529386599
16.9016707155663,15.9192676134269,0.71294347768488
20.8503141173372,14.8350920469545,0.959261189680443
22.4640476023836,17.0600305016651,0.892822769822578
21.6208033731766,18.8344200259502,0.608758312281824
22.3684832424152,13.3299591250554,0.818351893140966
23.9755983010266,18.1375818379723,0.788913558694011
22.7536627710204,16.6960075188147,0.706671867176609
20.2368944768772,15.8462992292075,0.907549134347501
22.0562702676983,18.1550132171159,0.810214272734797
20.7023755892669,17.9725777382593,0.888137642870835
20.1928938166727,17.1443260679283,0.671931679667998
16.7163620174712,15.6205349702459,0.743272472270309
19.8155297216044,15.9427073341431,0.946881513260547
21.7317219527455,14.5741489065836,0.844006749882724
24.252048809279,19.8213408625505,0.87776401628677
21.7510419214212,16.7666084587286,0.884672321746776
21.930315305501,15.8682293768281,0.799119676996401
19.5511451847996,13.7585713337456,0.967508048972594
21.2439820621774,16.3558074795494,0.715754698298801
17.8826436871689,16.1763081430406,0.972314053697267
21.7278402308539,14.8965261756735,0.908796688708503
22.0451531678474,20.575957734687,0.736453772927043
21.2782708733746,18.3094165264677,0.864718327431869
22.0511002733167,14.6965011692386,0.802946647795955
21.467521542992,18.700962877077,0.518586708420196
22.1406935429518,18.5672602409275,0.866389945835154
23.7636954393115,17.8847460331184,0.556485825022891
22.6685442618939,17.5986556023423,0.793595290886655
21.0489959362522,17.2174237769827,0.743171571972242
19.328326552804,17.9287418264116,0.670876058289075
21.6270867335776,15.4510713408528,0.733948330519228
20.3996471439853,16.0259657925865,0.73383300519848
23.2402396539262,15.4969891127114,0.860774434621028
18.5893785902254,16.7511785600172,0.782860072603325
20.3763723173977,17.2199844426746,0.922555680435206
21.6330125598261,17.9030847862141,0.7097956698013
20.7723951951975,17.7935832882392,0.72700441919254
20.0907733271037,19.168543761142,0.984422997438044
20.5429183965499,17.8959639311434,0.936298571461143
21.9443041498267,18.8844753819343,0.779506660383658
22.3427579704133,18.6461630642078,0.910017684034333
21.9903189477306,16.1173093803515,0.858566004526047
24.4102252806712,18.1269519222602,0.672423704418246
22.7602463589486,17.6802715115264,0.804927378186305
21.4315645924707,17.1787673512533,0.896517277355215
20.010344859268,15.6449184375422,0.841212280333466
25.3787101960764,17.8819736850415,0.861003696172978
22.0161232506575,17.0955931223469,0.434834370129834
19.973519483796,16.4677462175948,0.687549827862668
21.2797381246215,18.3837436166282,0.62148285438963
20.5134100492745,18.4884880528933,0.913201496479831
20.5879436726613,18.3103458526903,0.953630435823974
19.5997449891152,13.083434808339,0.501282038302585
21.1752680174791,15.6540247509349,0.891799826032348
21.4787403579722,18.4058529779069,0.881258529647345
19.3836868158609,15.8819954977985,0.76390932434692
16.1502718006153,17.6128094446138,0.959556119607782
20.6176880210182,17.2743690089641,0.502213433898167
21.0442767454822,18.6611034367742,0.817066646309966
21.8914106611658,15.9344424944305,0.963466304095147
21.0887027522682,16.9132964459589,0.876739907200418
21.6200983421056,17.517385125069,0.87324744214029
19.3533417381444,18.9089816712035,0.581225080609514
22.0667628859057,16.7339287471369,0.578990369505382
22.0783330947812,17.4356089954674,0.749660525702842
21.3774766035435,14.9857276909941,0.853136904773985
23.0359116542277,17.9495750449072,0.821670614942659
21.6067027069179,17.3102295591246,0.673576353577427
21.3965464047569,17.9589610137658,0.641508610266284
21.4020658562155,16.3839941525481,0.933173993065609
21.6553958655592,19.5280349318988,0.735147389111763
22.590185858231,16.7902608436365,0.757052118545756
21.6782855947931,17.1817081232751,0.963235435304581
21.9947979235306,16.8414812355508,0.830683856716138
19.2954396690137,18.2694573369335,0.872704987931207
20.4442537243618,15.8473264641154,0.758653720590524
23.2154543846887,17.3021936079034,0.986151880978681
19.1641443742294,17.861854397702,0.574514812907991
21.3871025810942,15.1321401680255,0.52414542822916
21.6075042081503,17.341578212215,0.616324626079772
22.4637049827142,16.109296906597,0.759012143572813
20.4766848951901,19.1432161786433,0.774081604604062
21.2379381592369,18.0573471034912,0.816927952240821
18.3551174001883,14.4122991358998,0.894490340722338
21.5078940706499,18.3789271728995,0.765953609994172
20.0001524556611,17.3266113901673,0.655817927544879
20.6420300635085,16.1580128571512,0.939521730307085
19.2183520763142,16.4666215582778,0.835855240729954
21.5774029826529,15.0917867500825,0.847377484409131
21.9998692734817,17.5792952774809,0.748967986531485
20.5430791658134,14.5422152929786,0.904157604715234
23.7375165961294,16.7896058340933,0.604363591619293
22.0058390558514,17.6827634117554,0.866985634312934
22.4229488598827,17.1250750429926,0.868115314059136
24.0741045025064,18.2887599834657,0.847034495593323
20.0233295861437,17.0758221568335,0.6795535196189
22.2129289092694,20.4634161563406,0.753708140317326
22.4798709209318,15.7108052378955,0.813685489156686
20.990743805864,19.3086742529991,0.450836353318698
21.4785785368979,14.5783007339766,0.770094189619466
19.4822671458872,15.384025312536,0.725799814518489
21.7052513215896,15.6479591794268,0.821020348292971
19.9485445025564,14.7183314582557,0.855701340247769
22.2205242937897,19.2270407676017,0.830623954053317
19.7828538240108,18.550554980195,0.77691589621839
21.4790962306492,19.0568997476354,0.743809061928154
19.7302160202546,16.0866178378134,0.771860100309631
20.6313552313069,17.1283956399636,0.929624604234016
18.6707114833418,18.6777612366256,0.848466331103736
21.1926510493886,18.5907946822307,0.927229152155481
22.4781650841073,17.8402051603584,0.887664714615848
21.2748712846008,17.237221311351,0.71221864062031
18.3506561798543,15.253740166525,0.633383422617333
20.0691994550761,17.4645292942854,0.710392525523753
23.4840645554981,16.7322592776894,0.841697581033206
23.7147080783758,16.0182131419678,0.729779284510171
19.2374448479818,19.3642358960006,0.612692397326795
20.4499451117585,15.9478943939281,0.858344153413812
21.5304381733909,17.3643145840592,0.755511147572273
21.4787343313018,17.7740536346916,0.759575282121686
14.4200430109806,12.0255773810223,0.144985634932828
14.0467212980531,11.6836521981081,0.350958605763421
14.8205714130544,12.4866076574868,0.0526825004320454
16.0098082149443,11.7225683739473,0.208458452556851
15.0236266149214,11.2557599157547,0.27440939938749
14.3509717804161,11.5512557679178,0.21706719331899
14.4956257779518,11.8345646228046,0.0593370874487616
16.6143914954584,10.4047455959147,0.308113080429639
14.5530401887443,11.4522179743265,0.182908936851938
15.7631767611133,11.520762854258,0.0819188748886039
16.4717186861858,11.380699563051,0.265929814150522
15.4436649036874,11.5256842682434,0.0271152950413127
14.5782781299298,10.5040968198965,0.092389745223697
14.9599983737939,11.6731181423722,0.181655973712287
14.5077200317721,11.5015146714006,0.0515653577216018
16.2277171173128,11.2537857496168,0.357416354855592
14.8504464347556,10.0677906387047,0.336083216026482
16.5499833839825,11.2943936315511,0.0190883032693133
14.4383874646187,11.5591042690261,0.165190147319544
14.3528827493676,11.464419616116,0.0548899757500713
15.1431321590504,11.1956512855226,0.110691970233483
15.0241886479911,11.660822644021,0.276772872524245
14.4955484754191,11.0447552339786,0.0939351883062175
13.4186031900697,11.8496405236597,0.429639843125974
15.0300664212554,11.9128661875966,0.207640062548197
14.2834233009293,11.9787717059574,0.0436771451869841
16.0826109554761,11.8994231351826,0.121729974873392
14.0473145450607,11.323936394975,0.0806999734543148
16.1264827290092,11.4875265858821,0.45630356167322
14.3509569826209,12.1225366858474,0.253685404037622
15.2924700784067,11.8054709792748,0.287869018311395
15.8987027244027,11.6734415163303,0.253401108316619
14.4812576432081,12.1395898554773,0.111796714815545
15.5544385523451,11.1865770790652,0.202788304967123
14.912026328816,11.5126316358007,0.17377723157453
13.8647870705925,12.1507545013186,0.116716801730397
14.7299203890001,11.3751051527161,0.0382838652735693
16.6197898775349,11.5674991723977,0.284731493859134
14.7858688263034,11.4266633846946,0.114937129234986
14.182217537075,12.1169652970698,0.157793771998827
14.9459770759184,11.5677129911838,0.255004120813249
15.3301416098579,11.5336201462073,0.387642678387522
15.9553246146574,11.1593889457443,0.15961243916264
16.1439598777924,11.2907685298731,0.302578390285172
15.1005223983751,10.715392895459,0.186005914403195
16.1645752456574,11.7047932703874,0.208631726541747
14.2357400522009,11.9239015964673,0.194114667808239
12.6554865953097,10.8313078452238,0.473517471659816
14.5283165744705,11.7006773643189,0.22173943697489
14.4841445104926,11.6644679487495,0.176632315933657
12.6839638484974,11.5976605000201,0.307853002207851
15.5624717569695,11.5357313050561,0.122474059526522
14.2162248605776,12.3174666304499,0.208866356512888
14.7739460137718,11.6665035387897,0.172822858172492
13.412897012346,12.2009063114401,0.0534879440968568
15.5475242018683,11.7255085104301,0.126067021034659
16.8912270173555,11.74366179787,0.0749635465510706
14.121922889776,11.2301312724442,0.390544568730305
14.8874410889552,12.8454537078772,0.0701133842602397
16.948713064976,11.4700919621553,0.182137940530995
15.9338163322077,11.2512620660698,0.0861983305841607
16.9130594216971,11.6912085749598,0.21500240475791
14.9947659420681,11.704590089219,0.136296548963708
14.8477399510784,11.8618729613945,0.153500325631791
14.4903683428209,11.0425377128138,0.34391334447464
16.4345737034261,11.4314074542402,0.266402387565231
13.714161467667,12.2871466389367,0.327574849261796
15.307314215255,11.2585411484786,0.412301330913772
14.9536814667226,11.3219047434447,0.134853821161123
17.2518418001269,11.8051111371113,0.0730593604217516
14.3919662713903,11.1969824263165,0.324119203954068
13.490711830149,12.0672560016986,0.0901149346303696
15.2326317695086,11.7112341444636,0.509571437655116
14.9603513039489,11.5447748557036,0.0761595529092051
14.1608749324947,10.7041430030182,0.0103728301017402
15.1322910882442,11.3264164928785,0.131211561652958
14.7244752532941,12.5171479922127,0.0601138088460953
14.321241358732,11.3570474222039,0.437044502338301
15.5008359317758,11.8271893914911,0.121191435153916
14.6683376879932,11.0376261915153,0.372017362964059
13.1650197492275,10.704648480373,0.0273398178022182
12.3482587516273,11.8546992348247,0.157321701846093
14.4194178279156,12.2246633981485,0.172804218980513
16.4541868708712,10.727809845308,0.497376259082673
15.8381293799647,11.9230346241107,0.262260188592693
16.2150535804461,11.6654662353392,0.215969303660549
15.9825054427328,11.3169063445704,0.361354423928191
15.3157640240184,12.3746424917081,0.0934333442738303
13.4929373722837,10.997427519272,0.058943747268384
15.2055697871663,11.4412803505791,0.428501860469985
16.5972280903438,11.834252773269,0.527198917723174
11.6039364654256,10.9587629892836,0.198796473179109
14.2186477156979,12.0529839028931,0.526095978184844
16.1024646407519,11.4429233090328,0.223938166465318
15.5287450194453,12.1145741522146,0.267185748365315
15.7893944035149,11.4883515919542,0.218824845879305
15.4570995058561,11.1324472666899,0.344439387249044
15.5388331156581,10.8297425834332,0.137490198029354
15.0146431224111,10.8134670538141,0.170874349736719
14.0835108642969,11.425471453013,0.349067720591013
13.7731849092323,10.4968620204014,0.235428488964782
15.0361528681302,10.720215731291,0.110583162994565
14.5786068864286,12.4813507845755,0.259872208959458
14.1006355915371,11.4108408881972,0.227945061103011
15.4174413174866,12.1788103365807,0.11109479805425
15.153444736864,12.3244960235691,0.209949874381646
16.4632830451933,11.5597422852968,0.105739620918637
13.8784975026745,11.5018103081688,0.296526593830409
14.482211916945,11.5982217229623,0.0551360795717032
14.9250529116615,11.8398697533654,0.22610293720243
13.5922099185609,11.9005624224822,0.103718190044459
14.7152941318895,10.492399710112,0.076861066260429
14.2918288217866,11.5236979940433,0.0417705856581626
12.8523609988625,11.8065483034299,0.280277959388738
14.7161628393886,11.4149907594733,0.229897495245675
14.4659278360239,11.6128797622159,0.20907732556232
16.1330101941542,11.9462020705625,0.330535366664379
14.3959310771523,11.4261934506218,0.0566765502723257
15.5575115955925,12.2685911551852,0.29722360280662
15.1426292932551,11.7263096774354,0.0595790943367505
13.7631397851547,10.7021528737147,0.160037448121751
15.3741439725032,11.4064173539831,0.04203415026128
14.8939138765335,11.7838172340645,0.109162178732568
15.1660619865091,11.5813395583818,0.251645123109189
15.6580348483424,10.8140084935371,0.237089430017592
15.1139629199714,10.5580237441543,0.389352291923768
16.5851591640312,11.4659764959176,0.277523101531871
15.1155534404433,11.8436534669265,0.279931015782792
13.7460009607165,11.1459996356139,0.0869843766076068
15.7418647793007,11.6888386344081,0.122018170883033
13.7770983850002,11.7903788696372,0.0343617577960575
13.0811058682379,11.9873130461967,0.18624696613603
14.1900636100792,11.7937262546655,0.166491694839316
14.2553227712147,11.6226393894117,0.131704697622245
14.3924940773068,10.7169981479142,0.230156960228934
16.6067595660649,11.2459359259531,0.0525727466634903
16.6355994462836,11.9291394269622,0.0290938695681613
15.7260910966985,11.7259333596074,0.303975719832655
13.7261650749565,11.0510478815734,0.0858235160463994
15.0231465554333,11.6595055724424,0.094561096623218
15.4871212338265,11.4530177447101,0.13960012335762
14.8629724967303,12.132154162461,0.10416841274672
15.171745482456,11.4829953173607,0.470038799503667
14.0552060851,11.305915484936,0.207826785446179
13.7123796939938,11.3697725840453,0.16950352246287
16.407765738751,11.0612827429564,0.120645336290602
15.2673726890532,12.1463757152533,0.404858197893042
14.591602357854,11.5825939268038,0.239496092317313
15.3252712199169,11.1983964621443,0.234858546502679
17.0624809731194,11.6993019504008,0.0487201083021682
15.362666955664,11.9294760627293,0.374696421868693
16.4114046447039,11.2890437657153,0.121681948226926
16.3675443145754,11.3472555552852,0.258086738203306
14.5928238528785,11.4704059927458,0.207764347895357
15.7625417308859,10.4990639060238,0.504824241121971
14.3487991769683,11.5777182106787,0.186915762128268
13.5263442205317,11.5212811137578,0.183078948142014
13.7983342035949,11.3689804006029,0.215252128295961
14.8512795218699,10.9894033708388,0.286824832174744
16.7970624285523,12.0326785517175,0.195478515083027
15.1048087178556,11.2712045810622,0.0933367620737955
14.1971620266485,11.5676519564396,0.0764114365109629
15.2303749641637,12.5563937978506,0.114890239556718
15.6979751932181,11.2040831523068,0.186301687211476
13.7047982680541,11.1656310529771,0.325534738594854
13.9453197820223,11.5769393704657,0.186668135124211
13.0583925103249,11.3573041942004,0.393338432918883
13.7304394069963,11.2536517803995,0.0325384308582777
14.1125611891839,11.7048857696941,0.136915415276665
14.7080842372968,11.6146782253934,0.187172853884386
16.410094052973,10.9626871833413,0.264785118864507
15.8886414302639,10.8096245727808,0.166776891375957
15.2729743196903,11.7991166207228,0.169876013609152
14.4333585339738,11.0802656789261,0.441339669475921
14.9597930625634,11.0222874699763,0.315451348772111
15.5476122453011,12.1181090353363,0.154139694365327
14.4959666783945,11.5379920760848,0.190263090861748
16.0590701295588,11.2302135461826,0.33025588348021
16.0974535664358,11.8867690597138,0.0419112756045149
13.8334953703744,12.1521502619147,0.367276680752637
14.2530886899139,11.9925549870546,0.122747483558749
16.2067387333393,10.9941392446569,0.208474451274989
13.3127801194566,11.1969854871408,0.0463049949640782
15.4197098949063,11.6583630277534,0.182165981153832
15.2334987616388,10.8176544456774,0.243828339705753
18.1959011978574,11.3090168602362,0.105750573958027
12.2703196587731,11.4928536294241,0.184926316040658
14.159204198576,11.4672909340005,0.0896123072568495
15.6740286686505,11.6117162094309,0.186159101645388
16.6743265096714,11.5915910833394,0.165584122441898
15.8396870838405,11.9453306211146,0.288550612126378
13.5716315644448,11.47346407759,0.343737119454272
17.2393881691678,11.0850709422425,0.367125275447633
13.2427337758982,11.4394854510874,0.143966226125122
13.8869839120953,11.3951709782826,0.172803414601747
14.9568596093867,11.5197947808564,0.0689734257695703
17.2255869089066,12.2404950987381,0.1823851014367
15.5063165873382,11.783330029196,0.147856650134858
15.7303960514358,12.3947901793157,0.0687638692230208
16.7280775947368,12.0570239255774,0.247180994154773
15.9847799683146,12.3970372643239,0.0633996474450234
13.7752621240357,10.8177255500518,0.0530151950646492
15.7097262180658,11.1462800075001,0.168811041847094
14.8907800074219,11.2218578270563,0.0691447766444232
16.7826078953883,11.3449594531236,0.137578848042846
14.756555320397,11.3119103321358,0.110789626887004
13.4728929777454,11.7292630042134,0.140946026761815
15.4918343714666,10.8694254252844,0.242619275782372
15.354503660927,11.2362674183969,0.0800285190122185
14.9823736523696,11.2215928891007,0.197038677443728
13.9434496778828,11.312780636892,0.0797647746186773
14.1610853339217,11.1978000095095,0.100021271946092
14.9873742835096,12.1015635352663,0.182115329616471
16.0381101460043,11.8844366167027,0.186723819936578
14.6355422860949,11.6191755116207,0.359648652787582
14.1285505278146,10.7924859293057,0.144450016587275
12.2957969745533,12.966887193303,0.302952139133525
15.4942498365406,11.9675128786792,0.0374638735913524
15.4273403249991,12.1169422608629,0.244469950176685
16.3091908601097,10.554307639101,0.366778346374594
16.4667226423107,11.388674353441,0.191230132871499
14.8569439337054,11.8840637641805,0.178873581738689
16.2985137262107,11.6939768291314,0.144834609849241
15.0013135475559,11.8045665157792,0.223424838746513
14.3235899243144,11.7952593041382,0.361959577791655
14.1518034031145,11.2824296233573,0.390152176267831
14.6530588995926,11.3746150507505,0.238833837778625
15.2274794430271,11.0368653081383,0.132704457063277
14.9725985963889,12.0437179016267,0.40137335611781
15.200877790585,10.5280203920479,0.090231670013714
15.1989426718228,11.3596897808318,0.233596176971489
15.7145993560837,11.9060387783357,0.0408927710986063
14.7268182251102,11.396148156496,0.0415837575233016
16.6353474579317,12.2253786599834,0.0999222198034502
15.4376938864796,11.9207465890777,0.205149050674514
13.8064641492509,11.0671310889353,0.125930315989336
14.7233501958008,11.4700610966495,0.382605895302886
15.5158830505351,11.5057655766249,0.370561047352767
14.5889446679137,11.6345557256959,0.112167753825444
15.3449950494726,11.2359197470383,0.068231977546718
15.4343958608311,11.1914630793166,0.124793140029776
16.303477683005,11.3688137424892,0.0610850538393828
14.3483040892669,11.9561735855027,0.0794664741322958
14.983119137672,12.0618052934428,0.34340622154724
14.4323075447064,11.1982401431587,0.128610599694195
13.8728671302367,11.5276616968192,0.145057500783821
13.151029688821,10.9996707835576,0.156658815812189
15.1955290551819,11.1209105854304,0.383689830394306
15.6015652251956,11.1942820927474,0.191212610433597
15.6391581597899,10.841638868396,0.375146202466028
13.6100071825379,10.4962924913914,0.213452209581506
13.8703221466024,11.8840010637646,0.448054247263446
13.8588458051624,11.7028806567521,0.3597123309154
14.3113285003991,11.084142060542,0.292480110429226
15.1701978181521,11.9790378865561,0.336747112832817
15.5944834272574,12.4053596257192,0.183931421362309
14.184967349275,10.2249927575861,0.146950963758654
12.1356531629333,12.0751275403587,0.0453917871061984
15.9538234817083,12.1139468272104,0.229234947197107
15.6152847706134,11.5760515813419,0.313659683324657
14.2991292994497,11.2384580954063,0.303937461975617
13.9263386585302,10.9492033178271,0.112198738276461
14.7000088032003,11.0601348592935,0.260898107388477
15.1081065628026,11.181649871123,0.26844240684455
15.7232007635877,10.4470342845785,0.0742270575288744
16.3900950960743,11.1768708199388,0.329875535208122
14.1511166016216,11.9933967131597,0.152334981266999
15.2907228446435,11.1225499270337,0.24090095467699
16.3341760337024,12.2826024314491,0.0731309472501716
14.0986578447409,11.4749753695042,0.094314661913192
14.7772365870671,11.5555143530733,0.045938952415919
13.2285319717966,11.7377355229987,0.186386668659269
15.2874222501144,11.0304980476464,0.234154183910725
14.358808237676,11.1129771901785,0.163334189319483
14.0750623577611,11.2882207663837,0.0968795279161277
14.2200225308147,12.3864397472053,0.312296076083113
15.4445033735944,11.7132753291651,0.385766422727674
12.8375309973883,11.4527649134556,0.160674295273542
14.5744891000791,10.9417022830922,0.0610693080724673
13.9862823407955,11.4562824267352,0.335137765134447
14.0378809716963,11.6962630450866,0.354730532108225
15.4746346272774,11.3196889153731,0.0979316517907577
15.3517542696045,11.0560078191913,0.305460552624251
14.892979643753,11.0267917231021,0.329272585029997
15.5375172566003,11.3900442219627,0.453807176110858
14.3978951015519,11.6711100584601,0.264908776319557
12.9767023546663,11.9849620647078,0.0940313367464609
16.1544212805981,10.8322734299014,0.128643747903653
14.7693070023059,11.0995602622969,0.133939205343274
14.6349112317851,10.476601827908,0.408174666844416
15.1575179293757,11.5550281090968,0.122412059221479
15.7659322229844,11.8580501868677,0.0709227255677936
15.4260869662023,11.6270603011878,0.290077128237665
15.9272653999653,12.1143810940075,0.3708463914792
15.0461345928405,11.7917020029781,0.198661508619737
14.4957143569089,11.2064376131355,0.226070913089515
14.6995505916444,12.2233326789581,0.0910069303548736
15.8229159786459,11.721697017714,0.103753561053134
14.150731203871,11.7889734428577,0.220147444521109
14.0463899043188,11.0390825180614,0.348421245432836
15.3134787158826,11.3753366474174,0.0455385241977606
15.6124733074333,10.8890506768122,0.39595691500806
13.3089167724631,11.4637301769772,0.251525356494242
15.7846986274423,12.1824506225184,0.177856737274878
15.01192513526,11.2712344900779,0.281954600755754
14.81874471213,11.53260010968,0.136589002827546
16.1069544024807,11.8919901679618,0.0171430628454321
16.4793948709883,10.7061459634176,0.325559443702367
13.8526005590002,10.8153178433809,0.13843638888353
16.011654376514,11.0362400986888,0.0963005463788813
14.3679308050251,11.6504207799151,0.328732565323088
15.1323613195191,11.540234473052,0.302189634705958
15.4809260647253,12.1233734152586,0.19287831977087
15.1331776275846,10.8827754498975,0.230548102011157
13.5371355376718,11.2804653528387,0.0589771174368308
14.4935982195253,10.4492030234722,0.105249046327176
16.5396632373375,12.3093780856866,0.108970442261413
15.1727936183873,12.0421642453721,0.475199565767764
14.1641760759203,11.1795995465435,0.0423823009799308
14.3440712961204,11.3735900868715,0.0962154622843424
16.0575660865353,11.4325853633888,0.0571254582775228
15.3460834898654,12.3976779958569,0.268722212564763
14.1028134580063,11.5191983586845,0.289858209129884
15.0062652112556,11.706499144445,0.107404587604437
15.5966705090757,11.8497860614835,0.290093293667904
16.722551807944,11.8448954722881,0.235930859222729
14.1182505165907,10.6644702673541,0.353218854594473
14.6200540448331,11.8700241537613,0.085076469509894
15.9961100158738,11.0379375504431,0.16911405194718
14.5408791070562,11.4841557133445,0.115404386269424
16.4602657462126,10.5361035092399,0.101640781872533
16.0432461769504,11.6071515148392,0.213492970454681
13.3409590296532,10.9974805672465,0.289049044860658
15.4239577762274,10.4105232538551,0.0176769305642963
13.5808370738148,10.6637254347225,0.318272513898123
13.5353075433293,10.7896389322245,0.0286315568202364
15.0704209721478,11.7752658193892,0.271012555122342
15.0566982219803,11.6552165884584,0.0344404481877679
14.9672918227344,11.842536956481,0.115195098307837
16.2642812240664,11.2340447545916,0.214477733939735
15.2949878857302,11.5908927299316,0.112025949915173
14.3269131794955,11.7057980888982,0.0666444625064357
15.119588291491,11.4574704755208,0.235285485821235
14.4856034910087,10.946646898232,0.134226996668251
14.9318884261335,12.06456679787,0.208402724004617
13.8519880881633,12.3340078121871,0.19504265301422
14.8847555198708,12.5095514629697,0.461341264989481
15.102936391849,11.9462740177862,0.117891912492363
14.2982565128969,11.4063976583961,0.0592858104905028
15.0412306242703,11.4361512921947,0.26175948705475
14.3512316494015,11.347334930171,0.138721011360305
14.3559921405336,11.3685665810718,0.178749671587591
14.7955611749336,11.4742656777868,0.293292128370122
15.4908409176616,10.513668320133,0.0439066556326385
14.7946630127295,11.5056141251926,0.0446577760978314
15.1906913239253,11.6176724286469,0.452861699790801
15.9700241926611,11.0248150732394,0.202390643052382
14.7147389221529,10.6214260124023,0.4114303278035
14.8963807314582,11.3200196745424,0.177343068139343
15.5112545412037,9.93920522078774,0.279500614907607
13.7418375499843,12.3362735561215,0.101407176224059
15.5438259689562,11.8452749082245,0.370430487688372
14.465036413417,11.0116648399644,0.227765154673518
13.8619539732199,11.5075670878024,0.19711552403487
13.2319962291243,11.4172729123748,0.040331464628084
14.2850217971323,10.6698933157366,0.0841366751965015
13.8297977356404,11.0607828098672,0.174820919861604
13.8215518515805,11.9829079193012,0.0363528149212415
16.6272913379533,10.922089346633,0.147495030994226
13.7878533343715,11.1243021441922,0.317093377645579
15.9975099174413,11.1274578220726,0.45097025240888
15.5452456414202,12.113526242737,0.289072914318385
14.1152108848249,11.4045710030893,0.121857354803773
14.3887693021186,11.7771553729873,0.0462094570043441
14.5898004871666,11.8857165635519,0.589245238882197
15.1904093698368,11.3099666001046,0.195755294869688
14.6516750710407,10.935724305822,0.122532186220472
15.826847530285,11.58505088852,0.129889347616941
14.7073130976973,11.3207288339745,0.384140495342056
12.8346537900368,12.2214692453433,0.0531018661186936
14.9037832237966,11.2400265683784,0.152145368458246
13.1480431537514,11.3446789528003,0.301488838667067
15.9378111352321,11.8413687323008,0.280700172597367
14.2523135185605,11.1682107898173,0.232818545570184
13.8847585642998,11.4910247256815,0.109897701478236
14.4084935847012,11.7482955082658,0.183322304485207
15.5852306839092,11.2978626497472,0.0975496737497929
13.0814418006901,10.8941755948929,0.358607013328241
15.2538167915041,11.6563718583681,0.269681367757724
14.0277582337538,11.3600690679052,0.136662504239226
14.991486551962,10.4900724327276,0.448163226737138
15.6790419110075,11.6347894315889,0.400598734807581
15.5696313666924,11.5658996254346,0.133825245527867
16.5029616611284,10.6606143648092,0.425194143535479
15.1290854011655,11.237060248348,0.411830863663026
14.2988170483234,11.4124376882774,0.526529505623924
17.1537072159772,11.2216846183042,0.266401774604642
14.6967538617383,11.7759242045543,0.186116400992621
15.807579776908,10.7119742433599,0.129009960401991
15.9309914661264,11.0228536138044,0.0597634498102026
15.4549020982729,11.2750682877007,0.167598322354624
16.4254206900636,12.2219531975758,0.176501177489474
14.7910088274873,11.4223729555931,0.0767471314402336
13.7685972209094,10.9891405460051,0.183290822544393
14.6393964228467,12.2692348735916,0.142224084287942
14.4527867005159,11.3844120129368,0.152722194188867
15.3279960075145,11.7759619310759,0.323371399360964
14.0667001679063,12.060897018435,0.205949009358486
15.6808108248002,11.7047726961762,0.21581558495911
13.8361175998136,12.1501307630204,0.28102561067336
16.7554495098834,11.1045393642324,0.0446714162648018
16.4496373642549,12.2993097268743,0.18386973743253
14.5512050587889,10.5885498632478,0.218704918444732
15.1400672889305,11.0123184430116,0.159263583364914
14.6263496718224,11.2067696705741,0.356933368333325
13.7935658827619,11.6165547759012,0.0520317832293907
12.338654025059,11.2632756875873,0.0675808467811548
14.9749055067344,11.7915554903443,0.282956137662862
14.9656267427509,11.7100147236459,0.0534048557931631
16.6423590390449,11.8394304542853,0.0978689961235958
13.0045378524612,12.2412305125847,0.427758304678691
14.3378292413976,10.7873579811191,0.199118983003911
15.88003799231,11.984987490325,0.279786459039321
15.3423874200016,11.3672671160691,0.338896390821937
15.1217538555238,11.0984472246574,0.425467536370306
14.3792389654882,10.611482949042,0.221152401136838
15.200945267574,11.0754815541872,0.204474197121138
14.7640946519767,11.350260890427,0.0252171122169408
15.1136611149702,10.5298777604051,0.351044722595559
14.4220708047122,11.3199836061831,0.179883820355899
16.1885648858383,11.7550530935849,0.0544678374976605
16.0599362781215,10.8510147907352,0.219274375969786
16.3367582108647,11.497576298826,0.278426326890006
14.6328308288698,10.8275738825555,0.0595373579919198
14.6956632952216,11.4741579073844,0.129439133072107
14.6497203757643,11.9474248966795,0.222742213773469
16.374144762728,10.4100588636029,0.204336420937025
14.7002795081249,12.6532082161336,0.210779707596572
15.0976351442252,10.9161248222245,0.494077885123993
15.3811880287237,11.9702148593366,0.106948851988461
15.6782125568188,12.5395507980309,0.329476003716833
14.7323267277657,11.0280879883633,0.0827356445658753
17.3459656643349,11.1622729274368,0.0998072230670679
14.0725053444752,12.0108251639987,0.176693288482404
13.5734428263023,11.0912482846665,0.127705161857593
15.0423026643898,11.0214396329945,0.0668477068170341
16.7674434700048,12.2905596399134,0.0644171952735182
15.0527503271454,12.3832214007437,0.227970475345531
15.10972603997,11.3864824205572,0.22272132338001
15.8632026155582,12.6405550974876,0.192600171992313
9.92577009642279,8.92781041244536,0.63558779709576
10.0777724095647,7.4485338476244,0.595826166002324
10.9063636567635,6.88960564555,0.562837658318211
10.0703095157896,6.99505851420201,0.415152798988677
9.43585261079044,8.5515228475335,0.65007396171156
10.2961931649045,7.90501245622243,0.729490510171454
9.18135967450944,7.98170562659886,0.547227831641721
8.90628068125323,7.49046017625978,0.269103617616867
9.90796578628319,7.63715966492222,0.425337199790337
9.1743031062487,7.13361406482696,0.595141012138987
10.4356923038798,8.35142755205734,0.403720195535961
9.88978938298016,7.25546173331308,0.536448152095862
9.42524903869574,8.99389690037085,0.406116102989822
11.2171731839085,7.94007967076407,0.597789836118782
9.91754459197301,8.24124991778784,0.740181280660912
11.0662786406965,8.60671795146278,0.37387144331692
9.9149342132527,7.46478496510792,0.292263149277657
9.75303929381414,6.17435167559983,0.382500018114897
10.2800957376979,7.04277452117257,0.480080197001021
10.7724160982049,7.94494268418791,0.371027050810504
12.0293312853995,8.40254041499486,0.271699957338345
9.22379059656307,7.6561926202043,0.804876468939865
9.86242760601946,8.12935451889886,0.403741443539416
10.8083284805885,8.20728107549424,0.669218638790482
10.2562151689741,8.2710698393196,0.330488904896005
9.859492281911,8.06067288316144,0.425600270131096
9.02285566860289,7.35642970103533,0.573757365049935
9.79100630351825,8.26851762349617,0.469261042218267
9.8614345686563,7.12183351892966,0.642788002877951
9.93866687711983,7.76141164459032,0.58992323140835
11.2091813452953,7.11796959360755,0.521363823366491
9.6535451203715,7.85836834298171,0.454091832362195
8.81796227438602,7.87573904670151,0.262943880082928
10.3723248051483,7.42081461204195,0.357169310770637
9.91603466213577,7.5204815541758,0.469936387546095
9.84674019984102,7.82528685342835,0.501569480629292
10.4766761221423,6.65170163666751,0.615194443297994
7.81999453444634,8.26551517539338,0.395874062548888
9.58475631042928,7.70195571749758,0.347506354473902
9.88491112881181,7.9114114810434,0.505283155909597
10.4539678868203,7.37293412823099,0.44916116453945
9.80424505286173,6.09116981253713,0.49081026565222
9.24614615319156,8.06123039634558,0.91021467825701
10.2794245857344,7.30492489499414,0.690281037668256
10.0145846323901,7.96369549429779,0.377694367044972
10.0828966115465,9.03595272122747,0.652982006238321
10.8674278276927,6.6332813715166,0.371740762167794
9.59333465484118,8.51470605505818,0.727876042972213
9.06309903743569,7.22435851379256,0.525780440629793
9.03999055243511,7.45626715253949,0.510079443102948
9.23205040915721,7.10083643067166,0.373314456419303
8.95926206500895,7.12612464198179,0.720857043512345
9.9630841641954,6.63739531681811,0.534359268501066
11.3582205478624,7.59468069204608,0.730362870748182
9.9253674507188,7.85464792437835,0.562438209487255
10.582927843223,7.36010608859517,0.600786120850169
9.17305275611499,6.28553516253129,0.345440154160401
9.83376641297365,7.19793071533544,0.543334168253002
10.4245712219469,7.80960918135387,0.310913986247132
9.7337804910587,6.95946044695461,0.667978588033249
10.588946951101,7.05745107718567,0.574665086349372
10.5205355339496,6.62278003660375,0.547825888984376
9.52545257831128,7.94359248455388,0.568545528668695
9.42103101852902,6.9985207882487,0.325263488649302
11.7683630407008,9.87595323541234,0.382645357236392
9.85558799773014,8.25977956301861,0.467382310608931
10.0049645006606,7.37550951026147,0.565055380321923
9.95909048152948,7.50181235420071,0.719527291976509
9.57384483959472,6.96202351261919,0.776758347045945
9.30476804222752,7.71100352123102,0.50659654311796
9.14819861396447,7.50546142283521,0.615750856942109
10.6854717542908,6.20272483019375,0.451601118682209
9.26045287500784,6.1173947876931,0.528273636865391
10.5006140601172,7.95090227355769,0.659832239196926
11.05494661728,5.76154682188754,0.584340622703896
10.8683342200884,7.21476594471032,0.412443786705618
9.89593510181985,8.74137367514367,0.617032441269451
9.5955086117799,6.25285871323835,0.651648882895533
9.19082987570386,7.72104724933619,0.386395545321057
9.98607839503667,8.67742607939506,0.59162919422696
9.82553823574097,7.88396017257154,0.670646983124103
10.1172201568856,8.46442680079796,0.644530057230392
9.54699268393447,6.77436393483022,0.4685152844399
10.4717763400913,7.97429201588005,0.647543656735207
10.535627178139,7.63730900073474,0.73779678268717
10.8069145759666,8.5125870876928,0.322347035320086
11.6873166380345,9.36549575358319,0.662813790801008
10.1484179491595,7.5859962728111,0.359869328815614
9.56834026114097,8.32180527300299,0.369391642225769
9.94200935124655,7.19796759660528,0.638881563636238
8.77906008317424,7.23069771423415,0.249705914334525
10.0974423654768,7.08540882756266,0.553078884253605
9.68074515005496,6.48399376479325,0.890459319037592
10.3045088113908,7.5550041465467,0.311611358222226
9.79839236077145,7.4707586025059,0.423409597775698
8.96426159777672,8.04140241298603,0.584887980761974
10.0274374910084,7.33881078164537,0.530148194473177
8.98506660161771,6.81331129966989,0.300903330092219
10.6727546454567,7.40367109439837,0.537846895837636
8.62798021580206,8.88015786586604,0.43774157236965
9.89359229187101,7.83789844199298,0.322302879098721
10.3434863333821,7.70609525824553,0.685897057732269
8.86028686518251,8.2922823134978,0.231650865983572
11.0492914859952,8.84404070929069,0.704193916732972
9.33599560682273,8.78311441207399,0.541833596649702
9.62025228158401,7.17642829954691,0.596974670775568
10.1224990794747,7.44054235171117,0.431272287861311
9.74714210780621,7.22758121662456,0.591765496371531
9.22303635099263,7.34925714522232,0.554966111889435
10.3070034461625,7.83846144737725,0.436071693811887
9.60683240633734,7.14004351139834,0.301777032299211
10.3798752801431,6.62585611490497,0.588525814337248
9.62145785291897,7.32079202153207,0.256392221806877
9.28206225328487,8.58737598893178,0.599295126890127
9.92902423116006,8.88965540418986,0.414198236047551
10.4870794882079,7.19757637165291,0.717456344366016
10.1817413494953,8.12022623696713,0.675578615460816
9.95579943230371,7.40314882319052,0.778594275736651
8.53915444631787,7.40885483490122,0.40624257130244
11.0885827239186,6.99429503639965,0.368949345485531
9.97004524177171,6.31617465090419,0.281198048458178
9.35200173169757,8.85155729733534,0.521112854423448
9.84873232021561,8.10083761039838,0.584256107807519
10.1959416720456,6.15580145436887,0.724141729700659
8.8612364625206,7.23943595529342,0.590142601482837
10.5379814742069,8.66573694699724,0.361400168613565
10.1851245460723,7.57986959488943,0.660726832970951
10.9020752847288,7.64438169050286,0.341874340129584
10.7395294528355,8.13692097535571,0.705362656563776
9.59654455070332,8.24288595881496,0.568252657961294
9.63228794363953,7.9706866587336,0.554031824841536
9.25336287057817,7.81141161416703,0.345376243322465
9.72872280380904,8.60620429862604,0.384166680008427
10.7082661084727,8.78210405543364,0.69340018056755
11.3441552587116,7.67126970146199,0.576024417155138
10.6963070468982,7.34391233845452,0.410347876638188
8.62754674777699,7.50910931645426,0.542866281374934
10.6164085796223,7.76229199744122,0.427131471663916
10.7772015715026,6.9917665181926,0.610596372007728
10.4630651080973,7.98163700939804,0.509478482621146
9.35880222766091,6.53292147354798,0.371052566807209
10.7983828888635,9.16955044123086,0.377551904946326
10.5471110935778,5.63743548076809,0.518212551953158
10.4969924382686,7.62962570902932,0.491451345200684
9.71394459797182,7.45582188925914,0.515317428445254
10.6344188333452,7.91058922297874,0.460632540119768
10.0836939133344,7.19214479842177,0.603802897615336
9.94917230375797,9.3018038702352,0.333006146534877
11.1153235723887,7.39183429541823,0.355820776944571
10.5679175324847,7.51754733212598,0.817189914747069
7.84446812995097,8.34309145602017,0.695002000845151
9.68009316319189,8.02333086785456,0.415046594945006
8.88444527827602,7.63568060902076,0.287192047971035
10.4415937342832,7.37279787719566,0.666439996006296
9.66805036691817,7.32410396448549,0.532289303574466
10.6759786017401,6.48380198037221,0.567113782931986
10.3508712552758,7.97246705889036,0.530953714038632
10.0165302390003,7.8354526143874,0.486019238073987
9.93616912615329,6.71696860615744,0.578912934842145
9.72904964300991,7.35953581903217,0.633480292593675
10.149629876153,8.46546815271909,0.500395652013497
9.16880930897477,8.45556960994641,0.636498283704546
10.5045955528648,6.58412898135573,0.561070012129852
9.70441477496977,8.10151642991222,0.536581052197566
9.44202431081126,7.59512302552696,0.564311270556197
9.75541489241244,7.79138614288766,0.644301512413422
11.4060016201109,6.84585287009146,0.296478154082519
8.68150064098995,7.34468475749327,0.605471634873152
9.73835431752635,5.95619048327096,0.442171687939503
10.0799419218388,6.94565751216413,0.189508754559801
9.59675591409614,7.27003340671844,0.599193339687575
9.69154815106612,8.47756322514991,0.38423812178572
10.2867612534821,6.70600510870867,0.63660999945431
10.166885566407,7.72629013937641,0.566384356162308
9.49468411876022,7.56747989012458,0.640894863936892
10.4255746854029,6.47745581207166,0.288503248824986
10.13461274107,7.7118929034777,0.675742427245075
10.514756312116,8.68552458782537,0.461760805327262
9.00455225388744,8.2050301847414,0.468028852102584
9.42406267133325,8.34857267400811,0.625701393344336
9.85547311849541,7.33972807447962,0.358448745430887
10.7192883985617,8.2183791785625,0.747648548850632
9.60322647851542,5.72189277784825,0.550352472750845
9.22533475678686,6.56005604298387,0.376583199552233
10.5788091178356,7.36886403627528,0.504281261761334
10.3490174981489,7.58138369467582,0.399829603006234
9.08074669981452,7.88769034073449,0.373410786913485
11.5350079301652,8.0412257894586,0.268201579476385
11.124005836673,7.15504212541778,0.533952917104407
8.95828818649237,7.13879134011662,0.66985747196528
11.6150323477921,7.23804350830989,0.547389901290259
8.70316244458798,7.07867552111722,0.376233184259307
10.0765318638209,7.40647297620145,0.567319477587211
9.14404065437718,8.15816424589548,0.629730243992198
9.71724318384716,7.84751018520452,0.546200496650964
9.73841342592847,7.17047599775292,0.643851620991274
10.2421638109214,6.9806870306274,0.230820826395523
9.15674528654488,7.42166040480708,0.489458327309219
7.9322127082595,7.34400006557465,0.386135338929865
9.9281416756602,8.41448130917117,0.598585288603606
9.43997514628251,5.79717322573542,0.748580190307139
10.158086063504,6.76991049821374,0.591407539659347
9.36361764361839,7.96589269428418,0.617915014871195
10.5941985742783,7.99692125422341,0.407320017184217
10.0218905744317,7.01175731345982,0.628838015372542
10.4525410093628,7.34344719858429,0.450361596243897
9.25379492138991,8.84768373535631,0.406333267802134
9.84150065639218,6.67591618882919,0.511157845092351
10.2580158156221,8.83330656881494,0.419569157653419
9.93296610326235,7.73770830610843,0.576987225415869
11.2405280998874,8.28718231622367,0.370892755538538
8.52781846509327,7.10528941124495,0.438802775301625
10.5670941336246,6.6598405977732,0.764035363955961
10.0108139934573,7.79869462055005,0.320019777580305
10.7092853530456,7.81598010225277,0.28592311856861
9.92589363071029,7.18113476321206,0.570608542605678
7.94518431745964,6.84225674551417,0.688757886123789
10.3152293870674,8.47499745323215,0.159935037910367
9.83621555330426,6.49740993262875,0.534075674848186
9.25798350280131,8.57193182229949,0.562154045957949
9.5076483278616,7.05398015993516,0.657285298732233
10.041747661151,6.08798515663485,0.506789666093382
11.8390475835812,9.135233423793,0.383909353321857
10.1411301803033,7.78408295898272,0.303907953304093
9.26522772371672,6.69801537847126,0.381321508798024
11.4277078506284,7.21864126378354,0.496554372294144
9.67111016335329,6.90390171115321,0.337467405433843
9.3777054283109,7.73634215153346,0.558890216210911
9.0645765109285,7.60045453926274,0.389204814647896
9.49464312768416,6.56958631831587,0.389450197818321
11.4513754479752,7.69236040269075,0.644741709874651
10.6799210761481,6.99444734494069,0.623177227782428
10.5523950785703,7.97492051533884,0.510199352808089
10.1099689780338,7.95177365493296,0.186694664904175
10.2123405975543,7.4744747351053,0.326664760176905
10.4419575405776,6.90772022958824,0.614349635534742
10.1618871074328,7.14717333433934,0.476889559418438
10.1162899261557,6.74038639677923,0.669774036287851
10.7153699772279,8.12516495255507,0.675422413974611
9.87561047314053,8.5155176716738,0.550819608274478
10.1912528091782,7.53755453398984,0.486223412093908
9.32689573048401,7.75266056673334,0.409290566270804
11.1879775785271,7.34325084501045,0.519399075171737
11.0445689711245,7.66384499092263,0.575339551939436
8.64080632620331,8.90510640594279,0.602683631368448
9.83776024105791,7.69629135372878,0.262169553970511
10.4123920425332,8.50102088951732,0.287214986770415
10.3620521781382,7.68580998460882,0.224962618377245
10.5706365467126,6.46816135411229,0.689410533039287
9.66575648729949,6.60709516368202,0.250639907968748
